PERPETRATOR,COUNTRY,active
Zoni Revolutionary Army (ZRA),India,1
Zionist Action Group,Portugal,1
Zimbabwe African Nationalist Union (ZANU),Zimbabwe,3
Zero Point - People's Revolutionary Army,Venezuela,1
Zarate Willka Armed Forces of Liberation,Bolivia,4
Youth Action Group,France,2
Young Mujahideen Movement in Somalia,Somalia,1
Young Liberators of Pattani,Thailand,1
Young Bosnia,Serbia,1
Yasin Huseynzadeh,Iran,1
Yasin,Russia,1
Yanikian Commandos,United States,1
Yahia Al Shami,Yemen,1
YPG,Syria,2
World Punishment Organization,Switzerland,1
World Islamic Jihad Group,Yemen,1
Workers' Revolutionary Party,Bolivia,1
Wilayat Sayna,Egypt,1
White Supremacist,United States,1
White Legion,Ecuador,1
West Papua National Liberation Army,Indonesia,1
West Nile Bank Front (WNBF),Uganda,1
Weather Underground,United States,4
Weather Underground,Italy,1
Warriors of Christ the King militants,Spain,1
Vrezh,Azerbaijan,1
Vitalunismo,France,1
Vigorous Burmese Student Warriors,Myanmar,2
Vigorous Burmese Student Warriors,Thailand,1
Victorious Lion of God,Iraq,1
Vergara Toledo Brothers Sabotage Group,Chile,1
Venceremos,Venezuela,2
Veerappan and co-conspirators,India,1
Vanguardia Popular Revolucionaria (VPR),Brazil,3
Vanguardia Popular Revolucionaria (VPR),Chile,1
VAR-Palmares,Uruguay,1
Uyghur nationalists,China,1
Uyghur Holy War Organization,China,1
Ustasa,Czech Republic,1
Usman Khan,United Kingdom,1
United Tajik Opposition (UTO),Tajikistan,1
United Self Defense Forces of Venezuela (AUV),Venezuela,1
United Self Defense Forces of Colombia (AUC),Colombia,50
United Self Defense Forces of Colombia (AUC),Venezuela,5
United Revolutionary Front of Bhutan,Nepal,1
United Revolutionary Front,Venezuela,2
United Red Army,Japan,1
United Popular Action Movement,Chile,3
United Peoples Democratic Front (UPDF),Bangladesh,1
United People's Democratic Solidarity (UPDS),India,5
United Organization of Halabjah Martyrs,Iraq,1
United National Liberation Front (UNLF),India,3
United Nasirite Organizaiton,Cyprus,1
United Liberation Front of Assam (ULFA),India,94
United Kuki Liberation Front (UKLF),India,3
United Freedom Front (UFF),United States,1
United Arab Revolution,Kuwait,1
United Anti-Reelection Command,Dominican Republic,1
United Achik National Front,India,1
Union of Peaceful Citizens of Algeria,Algeria,1
Union of Islamic Courts,Somalia,1
Unified Unit of Jihad,Algeria,1
Ummah Liberation Army,Somalia,1
Umkhonto We Sizwe,South Africa,3
Ulster Volunteer Force (UVF),Ireland,9
Ulster Volunteer Force (UVF),United Kingdom,6
Ulster Defence Association (UDA),United Kingdom,29
Ukrainian Reactionary Force,India,1
Uganda Democratic Christian Army (UDCA),Canada,1
Uganda Democratic Christian Army (UDCA),Uganda,1
UVF,United Kingdom,2
UNITA,Angola,2
Turkish Worker Peasant Liberation (TIKKO),Turkey,2
Turkish People's Liberation Front (TPLF)(THKP-C),Turkey,5
Turkish People's Liberation Army,Turkey,7
Turkish National Intelligence Organization,Cyprus,1
Turkish Islamic Jihad,Turkey,2
Turkish Communist Party/Marxist (TKP-ML),Turkey,14
Turkish Communist Party/Marxist (TKP-ML),Germany,1
Turkish Communist Labor Party/Leninist (TKEP/L),Turkey,2
Tupamaros,Uruguay,10
Tupamaros,Argentina,1
Tupac Katari Guerrilla Army (EGTK),Bolivia,4
Tupac Amaru Revolutionary Movement (MRTA),Peru,62
Tupac Amaru Revolutionary Movement (MRTA),Italy,1
Totally Anti-War Group (ATAG),France,1
Torrid Winter,Greece,1
Tontons Macoutes,United States,1
Tobias Rathjen,Germany,1
Tippagarh dalam,India,1
Tigray Peoples Liberation Front (TPLF),Ethiopia,7
Tibetan Independence Forces,China,1
Thomas Mair,United Kingdom,1
Third of October Group,France,4
Third of October Group,Switzerland,4
Third of October Group,Italy,2
Third of October Group,Lebanon,1
Third of October Group,Spain,1
Theodore Kaczynski,United States,1
The United Revolutionary Front of Bhutan,Bhutan,1
The Tigers,Swaziland,2
The National Anti-Corruption Front,Bolivia,1
The Islamist Gorilla,Ethiopia,1
The Inevitables,Bolivia,1
The Holders of the Black Banners,Iraq,1
The Extraditables,Colombia,3
The Committee for Promotion of Intransigence,Greece,1
The Anarchists,Spain,1
Territorial Anti-Imperialist Nucleus,Italy,2
Terra Lliure,Spain,6
Terai Army,Nepal,3
Tehrik-i-Taliban Pakistan (TTP),Pakistan,1
Tehreek-e-Jihad Pakistan (TJP) or Islamic State Wilayah Pakistan (ISPP),Pakistan,1
Tawhid and Jihad,Iraq,21
Tawhid Islamic Brigades,Egypt,1
Tarek Belgacem,France,1
Taong Bayan at Kawal,Philippines,3
Tanzim Qaidat Al Jihad fi Bilad Al Rafidayn,Iraq,113
Tanzim Qaidat Al Jihad fi Bilad Al Rafidayn,Israel,1
Tanzim Qaidat Al Jihad fi Bilad Al Rafidayn,Jordan,1
Taliban,Afghanistan,844
Taliban,Pakistan,59
Taliban,India,2
Taliban,Algeria,1
Takfir wa Hijra,Iraq,1
Tahrir Al Sham,Syria,1
TAK,Turkey,1
Syrian Social Nationalist Party,Lebanon,2
Syrian Muslim Brotherhood,Syria,1
Syrian Mujahideen,Belgium,1
Syrian Arab Army / Syrian rebels,Syria,1
Swords Righteousness Brigades,Iraq,1
Sword of Islam,Russia,2
Suyuf Al Haq Al Islamiyya,Gaza,1
Suqur Al Asifah,Israel,1
Sunni Insurgents,Iraq,2
Sunna Supporters Group,Iraq,1
Sunawa Yugo,Thailand,1
Suleiman Khater,Egypt,1
Sudesh Mamoor Faraz Amman,United Kingdom,1
Sudan People's Liberation Army (SPLA),Sudan,11
Subversive Cell,Greece,1
Students Islamic Movement of India (SIMI),India,1
Strugglers for the Unity,Lebanon,3
Stephan Balliet,Germany,1
Sri Nakharo,Thailand,1
Spanish National Action,France,2
Spanish Basque Battalion (BBE) (rightist),France,4
Sovereign Panama Front (FPS),Panama,1
Southern Sudan Independence Movement (SSIM),Sudan,1
Southern California IRA,United States,1
South-West Africa People's Organization (SWAPO),Namibia,2
South Moluccan Suicide Commando,Netherlands,3
South Maluku Republic (RMS),Indonesia,1
South Londonderry Volunteers,United Kingdom,1
Sons of the South,Lebanon,1
Solidarity with 17N,Greece,1
Solidarity for Political Prisoners,Greece,1
Solidarity Gas Canisters,Greece,1
Soldiers of the Prophet's Companions,Iraq,4
Societa Editoriale Sarda,Italy,1
Socialist-Nationalist Front (SNF),Switzerland,1
Slavyanskaya Obshchina,Russia,1
Sinhalese Janatha Vimukthi Peramuna (JVP),Sri Lanka,1
Simon Bolivar Guerilla Coordinating Board (CGSB),Colombia,9
Simon Bolivar Guerilla Coordinating Board (CGSB),Bolivia,2
Sikh militants,India,3
Sicilian Mafia,Italy,1
Shurafa Al Urdun,Jordan,1
Shining Path (SL),Peru,109
Shiite Militias,Iraq,4
Sheikh Ahmed Yassin Brigades,Canada,1
Shalhevet Gilad,Israel,1
Shahin (Falcon),Iran,1
Severino Di Giovanni Ant-Patriotic Gang,Chile,1
September-France,France,4
Sendero Luminoso,Peru,1
Self-Defense Groups of Cordoba and Uraba (ACCU),Colombia,2
Selefi Group,Turkey,1
Sekihotai,Japan,1
Secret Organization Zero,United States,2
Secret Army Organization,United States,1
Save Kashmir Movement,India,3
Satwant Singh and Beant Singh,India,1
Sardinian Autonomy Movement (MAS),Italy,1
Saraya Usud Al Tawhid,Iraq,1
Saraya Qasioun,Syria,1
Saraya Al Shuhuada,Iraq,2
Sarah Jane Moore,United States,1
Saor ire,Ireland,1
Sandinists,Nicaragua,1
Salman Abedi,United Kingdom,1
Salah-Al Din Battalions,Gaza,1
Salafist Group for Call and Combat (GSPC),Algeria,26
Salafia Jihadia,Morocco,1
Saif-ul-Muslimeen,Afghanistan,1
Saad bin Abi Waqas Brigades,Iraq,1
SWAPO or South African police,Namibia,1
Russian National Unity,Russia,1
Russian National Bolshevist Party,Latvia,1
Ruslan Kulikbayev,Kazakhstan,1
Runda Kumpalan Kecil (RKK),Thailand,4
Roque Dalton Commando,Guatemala,1
Robert Bowers,United States,1
Riyad us-Saliheyn Martyrs' Brigade,Russia,11
Righteous Arrows Battalions,Iraq,1
Right-wing extremist,Chile,1
Right-wing Peronists,Argentina,1
Rigas Ferreos,Greece,1
Revolutionary Youth of Ecuador,Ecuador,1
Revolutionary Workers' Council (Kakurokyo),Japan,3
Revolutionary Worker Clandestine Union of the People,Mexico,2
Revolutionary Violence Group,Greece,1
Revolutionary Vanguard,Peru,1
Revolutionary United Front (RUF),Sierra Leone,9
Revolutionary United Front (RUF),Guinea,1
Revolutionary United Front (RUF),Honduras,1
Revolutionary United Front (RUF),Venezuela,1
Revolutionary Socialists,Sweden,1
Revolutionary Proletarian Nucleus,Italy,1
Revolutionary Proletarian Army,Philippines,1
Revolutionary Popular Resistance Organization,Lebanon,1
Revolutionary Perspective,Switzerland,1
Revolutionary Peoples' Liberation Party-Front (DHK),Turkey,21
Revolutionary People's Struggle (ELA),Greece,53
Revolutionary People's Front,India,1
Revolutionary People's Army (ERP),Colombia,1
Revolutionary Outburst Movement,Lebanon,1
Revolutionary Organization of Socialist Moslems,Greece,2
Revolutionary Organization of Socialist Moslems,Lebanon,2
Revolutionary Organization of Socialist Moslems,India,1
Revolutionary Organization of Socialist Moslems,Italy,1
Revolutionary Organization 17 November,Greece,1
Revolutionary Offensive Cells,Italy,1
Revolutionary Nuclei,Greece,5
Revolutionary Movement of the 8th (MR-8),Brazil,1
Revolutionary Memory,Greece,1
Revolutionary Liberation Action,Greece,3
Revolutionary Leninist Brigades,Italy,1
Revolutionary Left Movement,Chile,31
Revolutionary Left Movement,United States,1
Revolutionary Headquarters,Turkey,1
Revolutionary Front for Proletarian Action (FRAP),Belgium,2
Revolutionary Front for Communism,Italy,2
Revolutionary Front,Greece,1
Revolutionary Force Seven,United States,1
Revolutionary Eelam Organization (EROS),Sri Lanka,1
Revolutionary Commandos of Solidarity,Costa Rica,1
Revolutionary Cells Animal Liberation Brigade,United States,1
Revolutionary Cells,Germany,15
Revolutionary Cells,Greece,8
Revolutionary Cells,France,1
Revolutionary Brigades,Greece,1
Revolutionary Bolivariano Movement 200,Venezuela,1
Revolutionary Autonomous Group,Portugal,1
Revolutionary Army of the People,Dominican Republic,1
Revolutionary Army,Japan,4
Revolutionary Armed Forces of the People (FARP),Mexico,2
Revolutionary Armed Forces of Colombia (FARC),Colombia,574
Revolutionary Armed Forces of Colombia (FARC),Ecuador,5
Revolutionary Armed Forces of Colombia (FARC),Brazil,3
Revolutionary Armed Forces of Colombia (FARC),Panama,1
Revolutionary Armed Forces of Colombia (FARC),Venezuela,1
Revolutionary Armed Corps (CAR),Ecuador,1
Revolutionary Arab Youth Organization,Lebanon,1
Revolutionary Antifascist Patriotic Front (FRAP),Spain,2
Revolutionary Action of Liberation,Greece,1
Revolutionary Action Party,United States,1
Revolutionary Action Organization of the Arab Resi,Lebanon,1
Revolution of the 1920s Brigade,Iraq,1
Revenge of Hebrew Babies,Cameroon,1
Revenge Brigades,Iraq,1
Resistenza Corsa,France,2
Resistencia Galega,Spain,1
"Resistance, Liberation and Independence Organization",Greece,3
Research and Analysis Wing (RAW),Pakistan,3
Republik Maluku Selatan,Netherlands,1
Republic of New Africa,United States,1
Red Line,Greece,3
Red Hand Defenders,United Kingdom,23
Red Guerrillas,Russia,1
Red Flag,Venezuela,1
Red Brigades,Italy,14
Red Brigades,Lebanon,1
Red Army Fraction,Germany,1
Red Army Faction (RAF),Germany,31
Red Army Faction (RAF),Colombia,1
Red Army Faction (RAF),Hungary,1
Red Army Faction (RAF),Spain,1
Recontra 380,Nicaragua,1
Rebolusyonaryong Hukbong Bayan (RHB),Philippines,1
Rebel Armed Forces of Guatemala (FAR),Guatemala,7
Real Irish Republican Army (RIRA),United Kingdom,31
Real Irish Republican Army (RIRA),Ireland,2
Raul Sendic International Brigade,France,1
Rasul Makasharipov,Russia,1
Ras Kamboni Forces,Somalia,1
Ranvir Sena,Nepal,1
Ramiro Helmeyer,Venezuela,1
Rakhmat Akilov,Sweden,1
Rakhine nationalists,Myanmar,1
Rajneeshee,United States,1
Raad Hazem,Israel,1
RPLP-F,Turkey,1
RHC,Ireland,1
Purbo Banglar Communist Party (PBCP),Bangladesh,20
Purbo Banglar Communist Party (PBCP),India,1
Puerto Rican Resistance Movement,United States,3
Puerto Rican Resistance Movement,Puerto Rico,1
Pueblo Reagrupado,Chile,1
Provisional Irish Republican Army (PIRA),United Kingdom,101
Provisional Irish Republican Army (PIRA),Germany,21
Provisional Irish Republican Army (PIRA),Belgium,5
Provisional Irish Republican Army (PIRA),Ireland,5
Provisional Irish Republican Army (PIRA),Netherlands,5
Provisional Irish Republican Army (PIRA),Democratic Republic of the Congo,1
Provisional Irish Republican Army (PIRA),France,1
Provisional Irish Republican Army (PIRA),Gibraltar,1
Provisional Irish Republican Army (PIRA),Portugal,1
Provisional Irish Republican Army (PIRA),United States,1
Protectos of Isalm Brigade,Iraq,1
Proletarian Revolutionary Action Front (FRAP),Belgium,1
Proletarian Resistance,Greece,2
Proletarian Nuclei for Communism,Italy,3
Proletarian Combatant Groups,Italy,1
Proletarian Action Group,Germany,1
Proletarian Action Group,Italy,1
Pro-Iraqi militants,Syria,1
Pranas and Algirdas Brazinskas,Russia,1
Potere Operaio,Italy,1
Popular Self Defence Forces (FAP),Congo,1
Popular Revolutionary Vanguard (VPR),Brazil,2
Popular Revolutionary Resistance Group,Greece,1
Popular Revolutionary Front (LEM),Greece,2
Popular Revolutionary Army,Mexico,1
Popular Revolutionary Action,Greece,4
Popular Resistance Committees,Israel,13
Popular Resistance Committees,Gaza,7
Popular Resistance Committees,Australia,1
Popular Movement for the Liberation of Angola,Angola,1
Popular Liberation Army (EPL),Colombia,32
Popular Liberation Army (EPL),Venezuela,1
Popular Front for the Liberation of Palestine (PFLP),Israel,4
Popular Front for the Liberation of Palestine (PFLP),Gaza,1
Popular Front for the Liberation of Palestine (PFLP),Jordan,1
Popular Front for the Liberation of Palestine (PFLP),Kenya,1
Popular Front for the Liberation of Palestine (PFLP),Lebanon,1
Popular Front for the Liberation of Palestine (PFLP),Somalia,1
Popular Front for the Liberation of Palestine (PFLP),Switzerland,1
Popular Front for the Liberation of Palestine (PFLP),Uganda,1
Popular Front for the Liberation of Palestine (PFLP),United Kingdom,1
Popular Front for the Liberation of Palestine (PFLP),Yemen,1
Popular Front for the Liberation of Palestine (PFL),Israel,44
Popular Front for the Liberation of Palestine (PFL),Gaza,17
Popular Front for the Liberation of Palestine (PFL),Lebanon,9
Popular Front for the Liberation of Palestine (PFL),Germany,5
Popular Front for the Liberation of Palestine (PFL),United Kingdom,5
Popular Front for the Liberation of Palestine (PFL),Jordan,4
Popular Front for the Liberation of Palestine (PFL),France,3
Popular Front for the Liberation of Palestine (PFL),Greece,3
Popular Front for the Liberation of Palestine (PFL),India,2
Popular Front for the Liberation of Palestine (PFL),Italy,2
Popular Front for the Liberation of Palestine (PFL),Netherlands,2
Popular Front for the Liberation of Palestine (PFL),Spain,2
Popular Front for the Liberation of Palestine (PFL),Switzerland,2
Popular Front for the Liberation of Palestine (PFL),Belgium,1
Popular Front for the Liberation of Palestine (PFL),Kenya,1
Popular Front for the Liberation of Palestine (PFL),Kuwait,1
Popular Front for the Liberation of Palestine (PFL),Oman,1
Popular Front for the Liberation of Palestine (PFL),South Africa,1
Popular Front for the Liberation of Palestine (PFL),Syria,1
Popular Front for the Liberation of Palestine (PFL),Turkey,1
Popular Front for the Liberation of Palestine (PFL),United States,1
Popular Forces of April 25,Portugal,11
Popular Army of National Liberation,Panama,1
Polish Revolutionary Home Army,Switzerland,1
Polisario Front,Morocco,6
Polisario Front,Mauritania,4
Polisario Front,Algeria,1
Polisario Front,France,1
Polisario Front,Spain,1
Philip Manshaus,Norway,1
Peykar,Switzerland,1
Petter Kristian Kyvik,Norway,1
Peronist Armed Forces (FAP),Argentina,2
Peoples Revolutionary Party of Kangleipak,India,1
People's War Group (PWG),India,54
People's United Liberation Front (PULF),India,4
People's Revolutionary Party of Kangleipak,India,1
People's Revolutionary Party (PRP),Tanzania,1
People's Revolutionary Organization,Argentina,2
People's Revolutionary Militias,Ecuador,5
People's Revolutionary Front,Philippines,1
People's Revolutionary Army (ERP),El Salvador,6
People's Revolutionary Army (ERP),Colombia,4
People's Revolutionary Army (ERP),Argentina,1
People's Revolutionary Army (ERP),Paraguay,1
People's Revolutionary Armed Forces (FRAP),Mexico,1
People's National Congress (PNC),Guyana,2
People's Mujahedin of Iran,Iran,1
People's Liberation Front (JVP),Sri Lanka,1
People's Liberation Forces (FPL),El Salvador,13
People's Liberation Army of Kurdistan (ARGK),Turkey,7
People's Liberation Army of Kurdistan (ARGK),Iraq,1
People's Liberation Army (PLA),India,2
People's Fighter Group (GCP),Ecuador,4
People's Defense Forces (HPG),Turkey,7
People's Defense Forces,Turkey,2
People's Congress of Kurdistan,Turkey,2
People's Command,Bolivia,1
People Against Gansterism And Drugs (PAGAD),South Africa,1
Pedro Leon Arboleda (PLA),Colombia,2
Peasant Self-Defenders of Cordoba and Uraba or Los Pepes,Colombia,1
Peace Conquerors,Germany,1
Pavlo Lapshyn,United Kingdom,4
Pattani United Liberation Organization (PULO),Thailand,11
Patriotic Union of Kurdistan (PUK),Iraq,3
Patriotic Resistance Army (ERP),Honduras,1
Patriotic Morazanista Front (FPM),Honduras,7
Patrick Crusius,United States,1
Patani United Liberation Organisation,Thailand,1
Party of Free Life of Kurdistan,Iran,1
Partisans of the Sunni,Iraq,1
Partisans of the Iranian People of Hormuzgan,Iran,1
Partisans of Holy War,Lebanon,1
Parbattya Chattagram Janasanghati Samity (PCJSS),Bangladesh,1
Paramilitary,Colombia,2
Pan-Turkish Organization,Netherlands,1
Palestinian Revolution Forces General Command,Israel,15
Palestinian Popular Struggle Front,Greece,1
Palestinian Popular Struggle Front,Israel,1
Palestinian Popular Struggle Front,Lebanon,1
Palestinian Nationalist,Gaza,4
Palestinian Nationalist,Israel,1
Palestinian Islamic Jihad (PIJ),Israel,1
Palestinian Islamic Jihad,Israel,2
Palestinian Islamic Jihad,Greece,1
Palestine Liberation Organization (PLO),Israel,51
Palestine Liberation Organization (PLO),Lebanon,3
Palestine Liberation Organization (PLO),Chile,1
Palestine Liberation Organization (PLO),Cyprus,1
Palestine Liberation Organization (PLO),Gaza,1
Palestine Liberation Organization (PLO),Jordan,1
Palestine Liberation Organization (PLO),Pakistan,1
Palestine Liberation Organization (PLO),United States,1
Palestine Liberation Front (PLF),Israel,2
Palestine Liberation Front (PLF),Lebanon,2
Palestine Liberation Front (PLF),Egypt,1
Palestine Liberation Front (PLF),Syria,1
Palestine Islamic Jihad (PIJ),Israel,111
Palestine Islamic Jihad (PIJ),Gaza,35
Palestine Islamic Jihad (PIJ),Poland,4
Palestine Islamic Jihad (PIJ),Egypt,1
Palestine Islamic Jihad (PIJ),Jordan,1
Palestine Islamic Jihad (PIJ),South Africa,1
Palestine Islamic Jihad (PIJ),United Kingdom,1
Palestine Islamic Jihad (PIJ),United States,1
Pakistan People's Party,Singapore,1
Padanian Armed Separatist Phalanx (FASP),Italy,1
PDFLP,Germany,1
Oxford Arson Group,United Kingdom,1
Overthrown Anarchist Faction,Greece,1
Oromo Liberation Front (OLF),Ethiopia,5
Oromo Liberation Front (OLF),Nigeria,1
Orly Organization,France,8
Orly Organization,Lebanon,2
Orly Organization,Iran,1
Organization of the Sons of Occupied Territories,Netherlands,1
Ordine Nuovo,Italy,2
Ordine Nero,Italy,1
Orange Volunteers,United Kingdom,7
Omar bin Al Khattab Brigades,Gaza,1
Omar Torrijos Commando for Latin American Dignity,Venezuela,1
Oglaigh na hEireann,United Kingdom,1
Ogaden National Liberation Front (ONLF),Ethiopia,1
Odua Peoples' Congress,Nigeria,1
OPR-33,Uruguay,3
OIRA,United Kingdom,1
Nusantara Islamic Jihad Forces (AMIN),Indonesia,1
Nuclei for Promoting Total Catastrophe,Greece,1
Nuclei Communist Combattants,Italy,1
Nuclei Armati di Contropotere Territoriale,Italy,1
Nuclei Armati Rivoluzionari,Italy,1
Nuclei Armati Comunista,Italy,2
November's Children,Greece,5
November 25 Anarchist Group,Greece,1
November 17 Revolutionary Organization (N17RO),Greece,33
November 17 Revolutionary Organization (N17RO),Italy,1
Norwegian National Socialist (Nazi) Front,Norway,1
Northern Valle cartel and Colombian army,Colombia,1
Northern League,Italy,1
Northern Alliance,Myanmar,1
North Korea,Myanmar,1
Ninth of June Organization,Switzerland,6
Ninth of June Organization,Iran,2
Ninth of June Organization,United States,2
Ninth of June Organization,Denmark,1
Ninawa Mujahideen,Iraq,1
Nikolas Cruz,United States,1
Nikola Kavaja,United States,1
Nihilists Faction,Greece,1
Night Avengers,Honduras,1
Nezar Hindawi,United Kingdom,1
New Revolutionary Popular Struggle (NELA),Greece,1
New Revolutionary Alternative,Russia,1
New People's Army (NPA),Philippines,112
New Armenian Resistance,Belgium,3
New Armenian Resistance,France,2
New Armenian Resistance,Italy,1
New Armenian Resistance,United Kingdom,1
Nestor Paz Zamora Commission (CNPZ),Bolivia,2
Nepal Janabadi Morcha,Nepal,1
Nepal Defense Army (NDA),Nepal,3
Neil Roberts,New Zealand,1
Naxalite,India,3
Nationalist Intervention Group,France,1
Nationalist Group for the Liberation of Palestine,Italy,1
National Youth Resistance Organization,Greece,1
National Warriors,South Africa,3
National Vanguard DINA,Italy,1
National Union for the Total Independence of Angola,Angola,36
National Socialist Council of Nagaland-Isak-Muivah,India,6
National Revolutionary Command (Umar Al Mukhtar),Lebanon,1
National Patriotic Front of Liberia (NPFL),Liberia,2
National Liberation Union,Suriname,1
National Liberation Front of Tripura (NLFT),India,19
National Liberation Army of Colombia (ELN),Colombia,223
National Liberation Army of Colombia (ELN),Venezuela,10
National Liberation Army (ELN),Colombia,14
National Liberation Army (ELN),Venezuela,3
National Liberation Army,Colombia,3
National Kurdish Revenge Teams,Turkey,1
National Front for the Salvation of Libya,Greece,1
National Front for the Liberation of Kurdistan,France,1
National Front for the Liberation of Egypt,Egypt,1
National Front for the Liberation of Angola (FNLA),Angola,1
National Front (Greece),Greece,1
National Democratic Front of Bodoland (NDFB),India,20
National Army for the Liberation of Uganda,Uganda,1
National Armed Forces,Venezuela,1
Nathan Chiasson,France,1
Nasha'at Melhem,Israel,1
NPA,Philippines,8
Mutthaida Qami Movement (MQM),Pakistan,3
Muslims Against Global Oppression,South Africa,1
Muslim United Army,Pakistan,1
Mujahideen,Iraq,73
Mujahideen,Somalia,41
Mujahideen,Iran,12
Mujahideen,Indonesia,2
Mujahideen,Belgium,1
Mujahideen,Denmark,1
Mujahideen,Gaza,1
Mujahideen,Italy,1
Mujahideen,Spain,1
Mujahideen,Turkey,1
Mujahideen,United States,1
Muadh Ibn Jabal Brigade,Iraq,2
Mozambique National Resistance Movement (MNR),Mozambique,27
Mozambique National Resistance Movement (MNR),Zimbabwe,1
Movsar Barayev Gang,Russia,2
Movimiento de Liberacion Nacional Tupamaros,Uruguay,1
Movimiento Peronista,Argentina,1
Movimiento Armado Nacionalista Organizacion (MANO),Peru,1
Movimiento 20 de Diciembre (M20),Panama,1
Movimiento 19 Abril,Colombia,1
Movement of the Revolutionary Left (MIR),Chile,5
Movement of the Revolutionary Left (MIR),Peru,2
Movement of the Fifth Republic (MVR),Venezuela,1
Movement of Youthward Brothers in War of the Pales,France,1
Movement of Islamic Action of Iraq,France,1
Movement of April 19 (M-19),Colombia,37
Movement of April 19 (M-19),Venezuela,1
Movement for the Struggle of the Jordanian Islamic,Jordan,1
Movement for the Emancipation of the Niger Delta (MEND),Nigeria,27
Movement for Democratic Change (MDC),Zimbabwe,1
Movement for Democracy and Justice in Chad (MDJT),Chad,1
Movement for Democracy and Development (MDD),Chad,1
Movement Against State Arbitrariness,Greece,1
Mossad,Norway,1
Moro pirates,Malaysia,1
Moro National Liberation Front (MNLF),Philippines,16
Moro Islamic Liberation Front (MILF),Philippines,61
Moro Islamic Liberation Front (MILF),Indonesia,1
Morazanista Patriotic Liberation Front (FPM),Honduras,1
Moraza Nist Front for the Liberation of Honduras,Honduras,1
Montoneros,Argentina,23
Moluccan freedom fighters,Netherlands,3
Mojahedin-e Khalq Organization (MKO),Austria,1
Mohammed's Army,Yemen,1
Mohammed Yunus Shah Hizbul Mujahideen,India,1
Mohammed Polash Ahmed,Bangladesh,1
Mohammed Merah,France,1
Mohammed Abu al-Kiyan,Israel,1
Mohajir Qami Movement,Pakistan,1
Misrata Militants,Libya,1
Miro Baresic Anelko Brajkovi,Sweden,1
Mir Qazi,United States,1
Militia,Congo,1
Military Liberation Front of Colombia,Colombia,1
Midnight Saboteurs,Greece,1
Mickael Harpon,France,1
Michael Stone (UDA),United Kingdom,1
Melting Nuclei,Greece,1
Meinhof-Puig-Antich Group,France,2
Medellin Cartel,Colombia,14
May-98,Greece,1
May 19th Communist Organization,United States,2
May 15 Organization for the Liberation of Palestine,Austria,1
May 15 Organization for the Liberation of Palestine,Germany,1
May 15 Organization for the Liberation of Palestine,Italy,1
May 15 Organization for the Liberation of Palestine,Turkey,1
Maximiliano Gomez Revolutionary Brigade,Dominican Republic,2
Maute Group,Philippines,1
"Masada, Action and Defense Movement",France,2
Maruseido (Marxist Youth League),Japan,2
Martyrs of Baalbek,France,1
Martyr Ahmed Yassim,Iraq,1
Martyr Abdallah Azzam Brigades,Israel,1
Martyr Abdallah Azzam Brigades,Jordan,1
Mark Essex,United States,1
Mark Anthony Conditt,United States,1
Mariano Moreno National Liberation Commando,Argentina,1
Maras Salvatruchas,Honduras,1
Maoist Communist Center (MCC),India,17
Manuel Rodriguez Patriotic Front (FPMR),Chile,41
Mano Blanca,Guatemala,1
Malik Faisal Akram,United States,1
Maksym Kryvosh,Ukraine,1
Mahir Cayan Suicide Group,Turkey,1
Mahdi Mohamud,United Kingdom,1
Mahdi Army,Iraq,5
Madhesi People's Rights Forum (MPRF),Nepal,1
Madheshi Liberation Front (MLF),Nepal,1
Macina Liberation Front AQIM Ethnic Peul militants,Mali,1
Macina Liberation Front,Mali,1
Macedonian Revolutionary Organization,Macedonia,2
MTP,Argentina,1
MRP,Colombia,1
MPAIAC,Spain,2
MOJWA,Mali,1
Lynette Fromme,United States,1
Luca Traini (Right wing extremist),Italy,1
Loyalist Volunteer Forces (LVF),United Kingdom,14
Los Macheteros,Puerto Rico,1
Lord's Resistance Army (LRA),Uganda,30
Lord's Resistance Army (LRA),Sudan,2
Lord's Resistance Army (LRA),Congo,1
Lions of Truth Brigades,Iraq,1
Liberation Tigers of Tamil Eelam (LTTE),Sri Lanka,255
Liberation Tigers of Tamil Eelam (LTTE),India,6
Liberation Party,Israel,1
Liberation Battalion,Lebanon,1
Liberation Army Fifth Battalion,United States,1
Liberating Communist Faction,Greece,1
Liam Quinn PIRA,United Kingdom,1
Leon Czolgoz Autonomous and Destructive Forces,Chile,1
Leftist Nucleus,Greece,1
Lebanese Socialist Revolutionary Organization,Lebanon,3
Lebanese Revolutionary Socialist Movement,Lebanon,1
Lebanese National Resistance Front,Lebanon,6
Lebanese Liberation Front,Lebanon,2
Lebanese Liberation Front,Canada,1
Lebanese Armed Revolutionary Faction (LARF),France,7
Lebanese Armed Revolutionary Faction (LARF),Lebanon,1
Lebanese Arab Youth,Lebanon,3
Le Duc Tan,Vietnam,1
Lautaro Youth Movement,Chile,19
Latin American Patriotic Army (EPLA),Venezuela,1
Laskar Jihad (LJ),Indonesia,1
Lashkar-e-Taiba (LeT),India,25
Lashkar-e-Taiba (LeT),Pakistan,1
Lashkar-e-Jhangvi,Pakistan,15
Lashkar-e-Jhangvi,India,3
Lashkar-e-Islam,Pakistan,2
Lashkar-e-Islam,India,1
Lashkar-I-Omar,Pakistan,1
Laiki Antistasi,Greece,1
La Familia,Costa Rica,1
Kurdistan Workers' Party (PKK),Turkey,34
Kurdistan National Union,Iraq,2
Kurdistan National Liberation Front (ERNK),Greece,1
Kurdistan Freedom Hawks (TAK),Turkey,30
Kurdistan Freedom Falcons,Turkey,9
Kurdish Workers Party (PKK),Turkey,71
Kurdish Workers Party (PKK),Germany,11
Kurdish Workers Party (PKK),France,3
Kurdish Workers Party (PKK),Iran,2
Kurdish Workers Party (PKK),Austria,1
Kurdish Workers Party (PKK),Denmark,1
Kurdish Workers Party (PKK),Iraq,1
Kurdish Workers Party (PKK),Sweden,1
Kurdish Workers Party (PKK),Switzerland,1
Kurdish Patriotic Union,Turkey,2
Kurdish Islamic Unity Party,Turkey,1
Kurdish Democratic Party,Iraq,1
Kuki Revolutionary Army,India,1
Kuki Liberation Army,India,2
Kujtim Fejzullai,Austria,1
Kosovo Liberation Army (KLA),Kosovo,8
Kosovo Liberation Army (KLA),Macedonia,2
Kosovo Liberation Army (KLA),Serbia,1
Komando Jihad,Indonesia,1
Knights of the Torched Bank,Greece,1
Knights of the Storm,Gaza,1
Khristos Kasimis,Greece,4
Khmer Rouge,Cambodia,23
Khalistan Commando Force,India,2
Khalid Masood,United Kingdom,1
Khalid Al Mahmara and Muhammad Ahmad Moussa Mahmara,Israel,1
Khairi Saadallah,United Kingdom,1
Khaibar Brigades,Lebanon,2
Kenyan People Liberation Front,Kenya,1
Kenkokugiyudan Betsudotai Kokuzokseibatsutai,Japan,1
Kenkoku Giyugun Chosen Seibatsutai,Japan,3
Kayin National Union (KNU),Myanmar,2
Kataeb Party,Lebanon,1
Kata'ib Hezbollah,Iraq,1
Kata'ib Al Khoul,Russia,2
Kata'ib Al Junayd Al Jihadiyah,Iraq,1
Karenni National Progressive Party,Myanmar,1
Karen National Union,Myanmar,3
Karbi Longri National Liberation Front (KLNLF),India,7
Karbala Brigades,Iraq,1
Kanglei Yawol Kanna Lup (KYKL),India,2
Kanak and Socialist National Liberation Front (FLNKS),New Caledonia,1
Kamatapur Liberation Organization,India,1
Kahane Chai,Argentina,1
Kahane Chai,Israel,1
Kach,Israel,3
Kach,Cyprus,1
Kach,Gaza,1
Kach,United States,1
Kabataang Makabayan (KM),Philippines,1
Justice Commandos for the Armenian Genocide,United States,7
Justice Commandos for the Armenian Genocide,Italy,2
Justice Commandos for the Armenian Genocide,Australia,1
Justice Commandos for the Armenian Genocide,Canada,1
Justice Commandos for the Armenian Genocide,Denmark,1
Justice Commandos for the Armenian Genocide,France,1
Justice Commandos for the Armenian Genocide,Netherlands,1
Justice Commandos for the Armenian Genocide,Serbia,1
Justice Commandos for the Armenian Genocide,Spain,1
Justice Commandos for the Armenian Genocide,Switzerland,1
Justice Commandos for the Armenian Genocide,Turkey,1
Justice Army of Defenseless People (EJPI),Mexico,1
June 2 Movement (Bewegung 2 Juni),Germany,1
June 16 Organization,Turkey,2
Jundullah,Iran,2
Jund Allah Organization for the Sunni Mujahideen i,Iran,1
Jund Al Sham,Lebanon,1
July 20th,Italy,1
"Jose Aldemar Rodriguez, aka Mocho Kiko (ELN)",Colombia,1
Jordanian Revolutionary and Military Committee (MO,Jordan,1
Jordanian National Liberation Movement,Egypt,1
Jordanian Islamic Resistance,Jordan,1
Jordanian Free Officers Movement,Jordan,2
Jondallah,Iran,1
John T. Earnest,United States,2
Jihadists and Mossi attackers,Burkina Faso,1
Jihad in Sweden,Sweden,1
Jihad Committee,India,1
Jihad Brigades,Iraq,1
Jihad Brigades,Jordan,1
Jihad Brigades,Philippines,1
Jewish Defense League (JDL),United States,52
Jewish Defense League (JDL),France,3
Jewish Defense League (JDL),United Kingdom,3
Jewish Defense League (JDL),Italy,1
Jewish Defense League (JDL),Netherlands,1
Jenin Martyrs,Gaza,1
Jenin Martyrs,Israel,1
Jemaah Islamiya (JI),Philippines,4
Jemaah Islamiya (JI),Indonesia,3
Jemaah Islamiya (JI),Thailand,1
Jean-Marc Rouillan Armed and Heartless Columns,Chile,1
Jawad S,Netherlands,1
Japanese Red Army PFLP,Kuwait,1
Japanese Red Army (JRA),Japan,3
Japanese Red Army (JRA),Israel,2
Japanese Red Army (JRA),Malaysia,2
Japanese Red Army (JRA),Bangladesh,1
Japanese Red Army (JRA),Indonesia,1
Japanese Red Army (JRA),Italy,1
Japanese Red Army (JRA),Netherlands,1
Japanese Red Army (JRA),Singapore,1
Japanese Red Army (JRA),United States,1
Jantantrik Terai Mukti Morcha Jwala Singh,Nepal,1
Janshakti,India,1
Janatha Vimukthi Peramuna,Sri Lanka,1
Janatantrik Terai Mukti Morcha (JTMM),Nepal,1
Jammu and Kashmir Islamic Front,India,2
Jammu Kashmir Liberation Front (JKLF),India,1
Jamiat-e Ulema-e Pakistan,Afghanistan,1
Jamiat ul-Mujahedin (JuM),India,7
James Alex Fields,United States,1
Jamatul Mujahedin Bangladesh,Bangladesh,13
Jamaat-ul-Ahrar,Pakistan,8
Jamaat Shariat,Russia,2
Jamaah Ansharut Tauhid,Indonesia,1
Jamaah Ansharut Daulah,Indonesia,2
Jama'at Nasr Al Islam wal Muslimin,Burkina Faso,2
Jama'at Nasr Al Islam wal Muslimin,Mali,1
Jama'at Nasr Al Islam wal Muslimin,Niger,1
Jaish-ul-Muslimin,Afghanistan,2
Jaish-e-Mohammad (JeM),India,16
Jaish-e-Mohammad (JeM),Pakistan,1
Jaish Al Adl,Iran,1
Jaime Bateman Cayon Group (JBC),Colombia,1
Jaiech Al Taifa Al Mansoura,Iraq,2
Jagrata Muslim Janata Bangladesh,Bangladesh,2
Ittehad-ul-Mujahideen,Pakistan,1
Issam T,Belgium,1
Israeli Arab Islamic Movement,Israel,1
Ismail Abu Aram,Israel,1
Islamists,India,1
Islamists,Mali,1
Islamic fundamentalists,Turkey,1
Islamic extremists,Thailand,3
Islamic extremists,Burkina Faso,2
Islamic extremists,United Kingdom,1
Islamic State – Khorasan Province,Afghanistan,1
Islamic State – Khorasan Province,Pakistan,1
Islamic State of Iraq and the Levant (ISIL),Iraq,5
Islamic State of Iraq and the Levant (ISIL),Syria,2
Islamic State of Iraq and the Levant (ISIL),Egypt,1
Islamic State of Iraq and the Levant (ISIL),Indonesia,1
Islamic State of Iraq and the Levant (ISIL),Libya,1
Islamic State of Iraq and the Levant (ISIL),Russia,1
Islamic State of Iraq and the Levant (ISIL),Turkey,1
Islamic State insurgency in Iraq,Iraq,1
Islamic State - Khorasan Province,Afghanistan,4
Islamic State,Iraq,131
Islamic State,Afghanistan,28
Islamic State,Pakistan,11
Islamic State,Syria,11
Islamic State,Egypt,7
Islamic State,France,7
Islamic State,Yemen,7
Islamic State,Indonesia,6
Islamic State,Turkey,6
Islamic State,Belgium,5
Islamic State,Germany,4
Islamic State,Bangladesh,3
Islamic State,Niger,3
Islamic State,Nigeria,3
Islamic State,Philippines,3
Islamic State,Australia,2
Islamic State,Iran,2
Islamic State,Israel,2
Islamic State,Libya,2
Islamic State,Sri Lanka,2
Islamic State,United Kingdom,2
Islamic State,United States,2
Islamic State,Gaza,1
Islamic State,India,1
Islamic State,Jordan,1
Islamic State,Kazakhstan,1
Islamic State,Lebanon,1
Islamic State,Malaysia,1
Islamic State,Mali,1
Islamic State,Morocco,1
Islamic State,Mozambique,1
Islamic State,New Zealand,1
Islamic State,Russia,1
Islamic State,Saudi Arabia,1
Islamic State,Spain,1
Islamic State,Tajikistan,1
Islamic State,Tunisia,1
Islamic Society,Lebanon,1
Islamic Shashantantra Andolon (ISA),Bangladesh,1
Islamic Salvation Front (FIS),Algeria,3
Islamic Revolutionary Guard Corps,India,1
Islamic Resistance Brigades,Iraq,2
Islamic Republic of Iran,Norway,1
Islamic Renewal Movement,Jordan,1
Islamic Ramzan Ahmadov,Russia,2
Islamic Rage Brigade,Iraq,1
Islamic Party of Egypt,Egypt,1
Islamic Movement of Uzbekistan,Kyrgyzstan,1
Islamic Movement of Uzbekistan,Tajikistan,1
Islamic Movement of Uzbekistan,Uzbekistan,1
Islamic Movement of Iraqi Mujahideen,Iraq,1
Islamic Movement for Change,Syria,1
Islamic Liberation Organization,Egypt,1
Islamic Liberation Organization,Lebanon,1
Islamic Jihad,Israel,13
Islamic Jihad,Gaza,4
Islamic Jihad,Uzbekistan,3
Islamic Jihad,Lebanon,2
Islamic Jihad,Saudi Arabia,1
Islamic Jihad,Spain,1
Islamic Golden Army,Germany,1
Islamic Glory Brigades in the Land of the Nile,Egypt,1
Islamic Front for the Liberation of Palestine (IFL),Jordan,1
Islamic Front for Iraqi Resistance,Iraq,1
Islamic Defense Force,India,1
Islamic Brotherhood,Guatemala,1
Islamic Army in Iraq,Iraq,29
Islamic Al Waqqas Brigade,Iraq,1
Islamic Action in Iraq,Greece,1
Islamic Action in Iraq,Iraq,1
Islamic Action Organization,Cyprus,1
Islam Chhatra Shibir (ICS),Bangladesh,2
Irrintzi,France,8
Irish Republican Army (IRA),United Kingdom,5
Irish Republican Army (IRA),Ireland,2
Irish National Liberation Army (INLA),United Kingdom,6
Irish National Liberation Army (INLA),France,1
Irish National Liberation Army (INLA),Germany,1
Irish National Liberation Army (INLA),Ireland,1
Irish National Liberation Army,United Kingdom,2
Iraqi Revenge Brigades,Iraq,1
Iraqi National Resistance,Iraq,1
Iraqi Legitimate Resistance,Iraq,1
Iraqi Democratic Front,Austria,1
Iran-backed rebels,Iraq,1
Iparretarrak (IK),France,2
Internet Black Tigers (Tamils),Sri Lanka,1
International Solidarity,Italy,2
International Revolutionary Struggle,Greece,1
International Revolutionary Action Group (GARI),Belgium,2
International Revolutionary Action Group (GARI),France,2
International Justice Group,Switzerland,1
International Communist Group,Italy,2
Ingush Jama'at Shariat,Russia,1
Informal Anarchist Federation,Italy,12
Indomitable Marxists,Greece,1
Indigenous People's Federal Army (IPFA),Philippines,4
Indian Mujahideen,India,7
Independent Kashmir,Pakistan,1
Incendiary Committee of Solidarity,Greece,3
Incel extremist,Canada,1
Immediate Action,Greece,1
Imam Shamil Battalion,Russia,1
Imam Al Hussein,Iraq,5
Ikhwan,Saudi Arabia,1
Iduwini Youths,Nigeria,1
INLA,United Kingdom,2
Houthis,Yemen,4
Houthis,Saudi Arabia,1
Houthi movement,United Arab Emirates,1
Hotaru (Firefly),Japan,1
Holy Jihad Brigades,Australia,1
Holger Meins Kommando,Italy,1
Holden Matthews,United States,1
Hizbul-i-Islami,Afghanistan,2
Hizbul Mujahideen (HM),India,23
Hisba,Nigeria,1
Hindu Sena Rashtriya Sangh Party,Pakistan,1
Hindu Defense Army,Nepal,1
Hikmatul Zihad,Bangladesh,1
Hezbollah,Lebanon,74
Hezbollah,Israel,16
Hezbollah,France,13
Hezbollah,Turkey,8
Hezbollah,Egypt,7
Hezbollah,Kuwait,3
Hezbollah,Saudi Arabia,3
Hezbollah,Cyprus,2
Hezbollah,Greece,2
Hezbollah,Iran,2
Hezbollah,Iraq,2
Hezbollah,Italy,2
Hezbollah,Spain,2
Hezbollah,Thailand,2
Hezbollah,United Kingdom,2
Hezbollah,Argentina,1
Hezbollah,Belgium,1
Hezbollah,Bulgaria,1
Hezbollah,Chad,1
Hezbollah,Congo,1
Hezbollah,Cote D'Ivoire (Ivory Coast),1
Hezbollah,Denmark,1
Hezbollah,Jordan,1
Hezbollah,Pakistan,1
Hezbollah,Tunisia,1
Hezbollah,Yemen,1
Hezb-e Eslami,Afghanistan,1
Hezb-e Azadi-ye Afghanistan,Afghanistan,1
Heroes of Palestine,Colombia,1
Hekmatyar,Afghanistan,1
Hector Riobe Brigade,Haiti,1
Hector Escudero Aponte Jose Rivera Lopez Arnaldo Jimenez Rivera,Puerto Rico,1
Hawks of Thrace,Greece,1
Hawk Brigades,Iraq,1
Hasm Movement,Egypt,1
Harkat-ul-Jihad-Al Islami,India,2
Harkat-ul-Jihad-Al Islami,Pakistan,1
Harkat ul-Mujahedin,Pakistan,3
Harkat ul-Mujahedin,India,2
Harkat ul-Jehad (HUGI),India,1
Harkat ul Ansar,India,1
Harakat Al Shuhada' Al Islamiyah,Libya,1
Haqqani network,Afghanistan,1
Hanafi movement,United States,1
Hamas (Islamic Resistance Movement),Gaza,182
Hamas (Islamic Resistance Movement),Israel,128
Hamas (Islamic Resistance Movement),United States,4
Hamas (Islamic Resistance Movement),Australia,3
Hamas (Islamic Resistance Movement),Cameroon,2
Hamas (Islamic Resistance Movement),Russia,1
Hamas (Islamic Resistance Movement),United Kingdom,1
Hamas,Israel,1
Gundolf Kohler,Germany,1
Guevarista Revolutionary Army (ERG),Colombia,4
Guerrilla Army of the Poor (EGP),Guatemala,14
Guatemalan National Revolutionary Unity (URNG),Guatemala,3
Guatemalan Army and Patrullas de Autodefensa Civil,Guatemala,1
Guardsmen of Islam,Germany,1
Grupos Armados Espanoles,Spain,1
Groups of Internationalist Communist,Italy,1
Group of the Martyrs Mostafa Sadeki and Ali Zadeh,Switzerland,1
Group of Popular Combatants (GPC),Ecuador,1
Group of People's Fighters (GCP),Ecuador,1
Group of Nighttime Sabotage,Greece,1
Group of Guerilla Combatants of Jose Maria Morelos,Mexico,1
Group for Social Resistance to the State Mechanism,Greece,1
Group for Martyred Isam as-Sartawi,Greece,1
Group Revolutionary Reconstruction,Germany,1
Group Bakunin Gdansk Paris Guatemala Salvador (BGP),France,4
Gregory Alan Bush,United States,1
Green Prophet,Iraq,1
Green Cells,Switzerland,1
Greek Anti-Regime Movement (LAOS-11),Greece,1
Greek Anti-Dictatorial Youth (EAN),Greece,1
Great Eastern Islamic Raiders Front (IBDA-C),Turkey,14
Great Eastern Islamic Raiders Front (IBDA-C),Germany,1
Gracchus Babeuf,France,3
Gora Euskadi Askatata,France,1
Gokmen Tanis,Netherlands,1
God's Army,Myanmar,1
Global Intifada,Sweden,3
Glenanne gang (UVF),United Kingdom,1
Gianfranco Bertoli (lone wolf),Italy,1
Gerakan Mujahidin Pattani (GMP),Thailand,1
Generation of Arab Fury,Saudi Arabia,1
Gazteriak,France,1
Gangs of Conscience,Greece,1
Galician Resistance,Spain,1
GPF Ranvir Sena,Nepal,1
Fulani militia,Mali,1
Fulani militants,Nigeria,1
Fulani gunmen  and Adara militia,Nigeria,1
Fuerzas Armadas de Liberacion Nacional Puertorriquena (FALN),United States,4
Fuerzas Armadas de Liberacion Nacional (FALN),United States,2
Fuerzas Armadas Revolucionarias de Colombia (FARC),Colombia,37
Fuerzas Armadas Revolucionarias (FAR),Argentina,3
Fuerzas Armadas Peronistas (FAP),Argentina,4
Fuerza Nueva militants,Spain,1
Front of Justice and Revenge,Lebanon,1
Front for the Liberation of the French Somali Coas,Somalia,1
Front for the Liberation of the Enclave of Cabinda,Angola,14
Front for the Liberation of the Enclave of Cabinda,Congo,1
Front for the Liberation of the Enclave of Cabinda,Zaire,1
Front for the Liberation of Lebanon from Foreigner,Lebanon,13
Front for the Liberation of Lebanon from Foreigner,Australia,1
Front for Defenders of Islam,Indonesia,2
Front de Liberation du Quebec (FLQ),Canada,1
Friendly Society,Greece,2
Frente de Liberacion Nacional del Vietnam del Sur,Argentina,1
Frente Patriotico Manuel Rodriguez,Chile,1
Frente Nacionalista Patria y Libertad,Chile,1
French neo-Nazis,France,1
Freedom for Mumia Abu-Jamal,Switzerland,1
Freedom Hawks of Kurdistan,Turkey,1
Free Vietnam Revolutionary Group,Thailand,1
Free Syrian Army,Syria,1
Free South Moluccan Youth's,Netherlands,1
Free Salafi Group (GSL),Algeria,1
Free People of Galillee,Israel,1
Free Papua Movement (OPM),Indonesia,4
Free Papua Movement (OPM),Guinea,1
Free Papua Movement (OPM),Papua-New Guinea,1
Free Men of Galilee,Israel,4
Free Aceh Movement (GAM),Indonesia,31
Francs Tireurs (Mavericks),France,1
Forest Brothers,Azerbaijan,2
First of October Antifascist Resistance Group (GRAPO),Spain,20
First of October Antifascist Resistance Group (GRAPO),Switzerland,2
First of October Antifascist Resistance Group (GRAPO),Germany,1
Fires of Hell,Greece,1
Fighting Guerillas of May,Greece,1
Fighting Ecologist Activism,Greece,1
Fighters for Freedom,Greece,1
Fidel Castano Gil's Paramilitaries,Colombia,1
Federation of Armenian Revolutionaries,Lebanon,1
Fedayeen Khalq (People's Commandos),Norway,1
February 28 Popular League (El Salvador),El Salvador,5
Fatah Al Islam,Israel,30
Fatah Al Islam,Lebanon,1
Farabundo Martí National Liberation Front (FMLN),El Salvador,3
Farabundo Marti National Liberation Front (FMLN),El Salvador,23
FLQ,Canada,1
Ey Al,Gaza,1
Eva Peron Organization,Argentina,2
Euskal Herritarrok and Herri Batasuna (ETA),Spain,77
Ethnocacerista,Peru,1
Ethiopian People's Revolutionary Army,Ethiopia,4
Esteban Santiago-Ruiz,United States,1
Eritrean Liberation Front (ELF),Ethiopia,20
Eritrean Liberation Front (ELF),Italy,2
Eritrean Liberation Front (ELF),Eritrea,1
Eritrean Liberation Front (ELF),Germany,1
Eritrean Liberation Front (ELF),Greece,1
Eritrean Liberation Front (ELF),Pakistan,1
Eritrean Liberation Front (ELF),Spain,1
Eritrean Liberation Front (ELF),Sudan,1
Eritrean Liberation Front,Ethiopia,1
Eritrean Islamic Jihad Movement (ELJM),Eritrea,1
Enraged Proletarians,Greece,1
El Sayyid Nosair,United States,1
Ekhvan Al Redvan,Iran,1
Ejercito del Pueblo en Armas (EPA),Venezuela,1
Ejercito de Liberacion Nacional,Bolivia,1
Ejercito de Liberacion Nacional,Colombia,1
Ejercito de Liberacion Nacional,Germany,1
Ejercito Revolucionaria del Pueblo (ERP),Argentina,18
Ejercito Revolucionaria del Pueblo (ERP),Paraguay,1
Ejercito Revolucionaria del Pueblo (ERP),Spain,1
Egyptian Islamic Jihad,Egypt,6
Egyptian Islamic Jihad,Yemen,1
Ecuadorian Rebel Force,Ecuador,1
Eastern Security Network,Nigeria,1
East Turkistan Islamic Movement,Kyrgyzstan,1
East Turkestan Liberation Organization,Kyrgyzstan,1
East Turkestan Islamic Movement,China,2
East Asia Anti-Japan Armed Front,Japan,4
Earth Liberation Front (ELF),United States,58
Earth Liberation Front (ELF),Canada,4
Eagles of Palestine Brigades,Israel,1
Eagles of National Unity,Lebanon,1
Eagles of Galilee Brigades in the 1948 lands,Israel,1
EPL,Colombia,1
EOKA B,Cyprus,1
Durmush Hamula,Gaza,1
Dukhta-ran-e-Millat,India,1
Dozo Dogon Militants,Mali,1
Doku Umarov,Russia,1
Divine Wrath Brigades,Iraq,2
Direct Action,Canada,1
Direct Action,Greece,1
Dima Halam Daoga (DHD),India,4
Dhi Qar Organization,Iraq,1
Devrimici Halk Kurtulus Cephesi (DHKP/C),Austria,1
Devrimici Halk Kurtulus Cephesi (DHKP/C),Turkey,1
Dev Sol,Turkey,20
Dev Sol,Germany,6
Dev Sol,Belgium,2
Dev Sol,France,2
Dev Sol,Netherlands,2
Dev Sol,United Kingdom,1
Democratic Karen Buddhist Association (DKBA),Thailand,1
Democratic Front for the Liberation of Palestine,Israel,26
Democratic Front for the Liberation of Palestine,Gaza,5
Democratic Front for the Liberation of Palestine,Lebanon,1
Democratic Front for the Liberation of Palestine,United States,1
December 20 Torrijist Patriotic Vanguard (VPT-20),Panama,2
Death Squad of Mujahideen of Iraq,Iraq,1
De Fes,Morocco,1
Day of the Young Combatant,Chile,1
David Sonboly,Germany,1
David Protter,South Africa,1
Darya Trepova,Russia,1
Dario Santillan Command,Argentina,1
Daredevils of Sassoun,Armenia,1
Danijel Bezuk,Croatia,1
Dagestani Shari'ah jamaat,Russia,2
Dagestan Liberation Army,Russia,4
DINA,United States,1
DFLP,Israel,1
D-Company,India,1
Cypriot Nationalist Organization (OKE),Cyprus,1
Croatian nationalists,United States,2
Croatian nationalists,Australia,1
Croatian Freedom Fighters,United States,5
Craig Minogue Stan Taylor Peter Reed,Australia,1
Counterrevolutionary Solidarity (SC),Guatemala,1
Council of Organizations for the Development of People,Mexico,1
Corsican Revolutionary Armed Forces,France,1
Corsican People's Army,France,3
Corsican Patriotic Front (FPC),France,2
Corsican National Liberation Front (FLNC),France,120
Coordinadora Nacional Guerrillera,Colombia,1
Cooperative of Hand-Made Fire & Related Items,Italy,3
Continuity Irish Republican Army (CIRA),United Kingdom,24
Construction of the Fighting Communist Party,Italy,1
Conspiracy of Fire Cells of Thessaloniki-Athens,Greece,10
Consciously Enraged,Greece,1
Conscience-Led Band,Greece,1
Communists Liberation Faction,Greece,1
Communist Workers Movement,Turkey,2
Communist Revolutionaries in Europe,Netherlands,1
Communist Party,Nepal,288
Communist Party,India,196
Communist Party,Philippines,1
Communist Combattant Cells (CCC) (Belgium),Belgium,9
Communist Combattant Cells (CCC) (Belgium),France,1
Committee of Solidarity with Arab and Middle East,France,9
Committee of Solidarity with Arab and Middle East,Lebanon,1
Committee of Coordination,France,1
Committee for the Security of the Highways,United States,3
Committee for the Security of the Highways,South Africa,1
Committee for Liquidation of Computers,France,1
Commando Internacionalista Simon Bolivar,Mexico,2
Commando Anarchist Group,Greece,1
Comite Argentino de Lucha Anti-Imperialisto,Argentina,1
Combatant Proletarian Nucleus,Italy,1
Combat 18,Germany,1
Comandos Autonomos Anticapitalistas,Spain,2
Comando Jaramillista Morelense 23 de Mayo,Mexico,1
Comando Alejo Calatayud,Bolivia,1
Comando 14 de Diciembre,Chile,1
Colombian National Police,Colombia,1
Colombian Mafia/Movimiento 20 de Noviembre,Panama,1
"Colectivos, Venezuelan National Guard and pro-government civilians",Venezuela,1
Coalition to Save the Preserves (CSP),United States,2
Coalition of National Brigades,Haiti,1
Clandestini Ribelli,France,1
Clandestini Corsi,France,5
Civilian Home Defense Forces (CHDF),Philippines,1
Cinchoneros Popular Liberation Movement,Honduras,2
Cinchoneros Popular Liberation Movement,Belize,1
Cinchoneros Popular Liberation Movement,Costa Rica,1
Cinchoneros Popular Liberation Movement,Nicaragua,1
Chukakuha (Middle Core Faction),Japan,11
Christians for Peace and National Salvation,Colombia,1
Chilean Committee of Support for the Peruvian Revo,Chile,1
Chilean Committee for Disarmament and Denucleariza,Chile,1
Children of Fire,Greece,2
Cherif Chekatt,France,1
Chen Hsi-Hsieh Pan Che-Ming,Taiwan,1
Che Guevara Brigade,Argentina,6
Che Guevara Brigade,Italy,2
Charles Martel Group,France,7
Chaotic Attack Front,Greece,1
Chadian People's Revolutionary Movement,Chad,1
Cesar Alteri Sayoc Jr.,United States,1
Central Intelligence Agency (CIA),Lebanon,1
Central American Revolutionary Workers' Party,El Salvador,1
Cell for Internationalism,Austria,2
Caucasian Front for the Liberation of Abu Achikob,Germany,1
Catholic Reaction Force (CRF),United Kingdom,2
Catalan Red Liberation Army,Spain,1
Caravana Iconoclasta por el Libre Alberio,Chile,1
Carapaica Revolutionary Group,Venezuela,1
Canary Islands Independence Movement,Spain,1
Canadian Hungarian Freedom Fighters Federation,Canada,1
Cambodian Freedom Fighters,Cambodia,1
CPI,India,2
COVEMA,Chile,1
CIRA,United Kingdom,1
Burning Path,Greece,1
Bryan Isaack Clyde,United States,1
Brother Julian,Bolivia,1
Brigades for the Defense of Holy Shrines,Iraq,1
Brigade 93,Malta,1
Brett Kimberlin,United States,1
Breton Revolutionary Army (ARB),France,15
Brenton Harrison Tarrant,New Zealand,1
Brahim Aouissaoui,France,1
Borok National Council of Tripura (BNCT),India,3
Boricua Popular Army,Puerto Rico,1
Bolivian Guerrilla Movement (MGB),Venezuela,1
Bolivarian Liberation Forces (FBL),Venezuela,2
Boko Haram,Nigeria,14
Boko Haram,Cameroon,2
Boko Haram,Burkina Faso,1
Boko Haram,Niger,1
Boere Aanvals Troepe (BAT),South Africa,1
Bodo Liberation Tigers (BLT),India,1
Black and Red Brigades,Greece,1
Black Widows,Russia,2
Black Widows,India,1
Black Star,Greece,8
Black September,Germany,7
Black September,Greece,5
Black September,Italy,5
Black September,Lebanon,5
Black September,United States,5
Black September,Jordan,4
Black September,Belgium,3
Black September,France,3
Black September,Israel,3
Black September,United Kingdom,3
Black September,Cyprus,2
Black September,Spain,2
Black September,Sudan,2
Black September,Switzerland,2
Black September,Argentina,1
Black September,Austria,1
Black September,Cambodia,1
Black September,Canada,1
Black September,Democratic Republic of the Congo,1
Black September,Egypt,1
Black September,Netherlands,1
Black September,Thailand,1
Black September,Turkey,1
Black Revolutionary Assault Team,United States,2
Black Panther Party,United States,6
Black Panther Party,Gaza,1
Black Liberation Army,United States,4
Black IIija,Serbia,1
Black Hebrew Israelite movement,United States,1
Black Hand,Lebanon,1
Black Friday,Turkey,1
Black December,Afghanistan,1
Black December,United Kingdom,1
Black Brigade,Lebanon,1
Birsa Commando Force (BCF),India,1
Ber Satu,Thailand,5
Battalion of the Look-out for Iraq,Iraq,1
Batallon Vasco Espanol,Spain,1
Basque Fatherland and Freedom (ETA),Spain,271
Basque Fatherland and Freedom (ETA),France,24
Basque Fatherland and Freedom (ETA),Italy,13
Basque Fatherland and Freedom (ETA),Netherlands,5
Basque Fatherland and Freedom (ETA),Germany,4
Basque Fatherland and Freedom (ETA),Belgium,2
Basque Fatherland and Freedom (ETA),Costa Rica,2
Basque Fatherland and Freedom (ETA),Chile,1
Bashar Massalha,Israel,1
Barisan Revolusi Nasional,Thailand,1
Barend Strydom,South Africa,1
Banner of Islam,Iraq,1
Bani Hilal Tribe,Egypt,1
Bangsamoro Islamic Freedom Fighters,Philippines,4
Bangladesh Nationalist Party (BNP),Bangladesh,1
Balochistan Liberation Front,Pakistan,1
Baloch Raji Ajoi Sangar,Pakistan,1
Baloch Nationalist Army,Pakistan,1
Baloch Liberation Army,Pakistan,47
Bagramyan Battalion,Georgia,1
Badr Forces,Gaza,1
Badr Forces,Israel,1
Babbar Khalsa,India,1
Babbar Khalsa,Ireland,1
Babbar Khalsa,Japan,1
Baader-Meinhof Group,Germany,4
Baader-Meinhof Group,France,3
Baader-Meinhof Group,Italy,2
Baader-Meinhof Group,Austria,1
Baader-Meinhof Group,Belgium,1
Baader-Meinhof Group,Colombia,1
Baader-Meinhof Group,Ireland,1
Baader-Meinhof Group,Portugal,1
Baader-Meinhof Group,Sweden,1
Azanian People's Liberation Army,South Africa,2
Azad Hind Sena,India,1
Autonomous Revolutionary Activity,Greece,1
Autonomous Intervention Collective Against the Zio,France,1
Autonomous Decorators,Germany,1
Autonomous Cells,Germany,1
Autonomous Cells,Greece,1
Autonomia Sinastra Ante Parlamentare,Italy,1
Aum Shinri Kyo,Japan,1
August 23 Movement,Lebanon,1
Atomwaffen Division,United States,1
Assam mobs,India,1
Asbat Al Ansar,Lebanon,7
As'ad Alrafa'ani and Sabhi Shajir,Israel,1
Arsonists of Conscience,Greece,7
Arrows of Hungarians National Liberation Army,Hungary,1
Arnoldo Camu Command,Chile,1
Army of the Levant,Qatar,1
Army of the Followers of Sunni Islam,Iraq,1
Army of the Corsican People,France,2
Army of God,United States,1
Army of Conquest,Turkey,1
Armenian separatists,Azerbaijan,1
Armenian Secret Army for the Liberation of Armenia,France,14
Armenian Secret Army for the Liberation of Armenia,Lebanon,9
Armenian Secret Army for the Liberation of Armenia,Iran,7
Armenian Secret Army for the Liberation of Armenia,Italy,6
Armenian Secret Army for the Liberation of Armenia,United States,5
Armenian Secret Army for the Liberation of Armenia,Greece,4
Armenian Secret Army for the Liberation of Armenia,Spain,4
Armenian Secret Army for the Liberation of Armenia,Belgium,3
Armenian Secret Army for the Liberation of Armenia,Germany,2
Armenian Secret Army for the Liberation of Armenia,Switzerland,2
Armenian Secret Army for the Liberation of Armenia,Turkey,2
Armenian Secret Army for the Liberation of Armenia,United Kingdom,2
Armenian Secret Army for the Liberation of Armenia,Bulgaria,1
Armenian Secret Army for the Liberation of Armenia,Canada,1
Armenian Secret Army for the Liberation of Armenia,Denmark,1
Armenian Secret Army for the Liberation of Armenia,Hungary,1
Armenian Revolutionary Federation,Australia,1
Armenian Revolutionary Army,Austria,2
Armenian Revolutionary Army,Portugal,2
Armenian Revolutionary Army,Canada,1
Armenian Revolutionary Army,Turkey,1
Armenian Resistance Group,Belgium,1
Armenian Resistance Group,Netherlands,1
Armenian Red Army,Netherlands,1
Armed Youth of Cherikha-ye Fadayee,Iran,1
Armed Revolutionary Left,Ecuador,2
Armed Revolutionary Independence Movement (MIRA),United States,2
Armed Revolutionary Action,Greece,2
Armed Revolutionary Action,Mozambique,1
Armed Islamic Group (GIA),Algeria,49
Armed Islamic Group (GIA),France,12
Armed Islamic Group (GIA),Tunisia,1
Armed Forces of National Resistance (FARN),El Salvador,4
Armed Forces Revolutionary Council (AFRC),Sierra Leone,5
Armed Communist League,Mexico,1
Armed Commandos of Liberation,Puerto Rico,1
Armata di Liberazione Naziunale (ALN),France,1
Armata Corsa,France,2
Arm of the Arab Revolution,Austria,1
Argetinian Militants,France,1
Argentine Anti-Communist Alliance,Argentina,1
Arbav Martyrs of Khuzestan,Iran,1
Arakan Rohingya Salvation Army,Myanmar,1
Arabian Peninsula Freemen,Belgium,1
Arab Unionist Nationalist Organization,Cyprus,1
Arab Struggle Movement for the Liberation of Ahvaz,Iran,1
Arab Revolutionary Front,France,1
Arab Revolutionary Council,Netherlands,1
Arab Revenge Organization,Lebanon,1
Arab Organization of May 15,Syria,1
Arab Nationalist Youth for the Liberation of Pales,Lebanon,2
Arab Nationalist Youth for the Liberation of Pales,Cyprus,1
Arab Nationalist Youth for the Liberation of Pales,Jordan,1
Arab Nationalist Youth Organization,Iraq,1
Arab Liberation Front (ALF),Israel,4
Arab Liberation Front (ALF),Germany,1
Arab Fedayeen Cells,Lebanon,3
Arab Communist Revolutionary Party,Jordan,2
Arab Communist Organization,Lebanon,6
Arab Communist Organization,Syria,4
Arab Commando Cells,Lebanon,1
Apo's Revenge Hawks,Turkey,2
Antidemocratic Struggle Group,Greece,1
Anti-terrorist Liberation Group (GAL),France,10
Anti-Zionist Movement,Italy,1
Anti-Vietnam War protestors,United States,1
Anti-State Nuclei,Greece,1
Anti-State Justice,Greece,1
Anti-State Defense,Greece,1
Anti-State Action,Greece,3
Anti-Racist Guerrilla Nuclei,Italy,1
Anti-Power Struggle,Greece,3
Anti-Olympic Flame,Greece,3
Anti-Imperialist International Brigades,Spain,3
Anti-Imperialist International Brigades,Italy,2
Anti-Imperialist Group Liberty for Mumia Abu Jamal,Germany,1
Anti-Imperialist Cell (AIZ),Germany,1
Anti-Establishment Nucleus,Greece,2
Anti-Communist Command,Indonesia,1
Anti-Castro Cubans,United States,115
Anti-Castro Cubans,Cuba,11
Anti-Castro Cubans,Puerto Rico,10
Anti-Castro Cubans,Mexico,8
Anti-Castro Cubans,Spain,5
Anti-Castro Cubans,Argentina,4
Anti-Castro Cubans,Costa Rica,4
Anti-Castro Cubans,Canada,3
Anti-Castro Cubans,Jamaica,3
Anti-Castro Cubans,Barbados,2
Anti-Castro Cubans,Peru,2
Anti-Castro Cubans,Venezuela,2
Anti-Castro Cubans,Bahamas,1
Anti-Castro Cubans,Colombia,1
Anti-Castro Cubans,France,1
Anti-Castro Cubans,Guatemala,1
Anti-Castro Cubans,Panama,1
Anti-Castro Cubans,United Kingdom,1
Anti-Capitalist Attack Nuclei (NAA),Italy,1
Anti-Authority Erotic Cells,Greece,1
Anti-Armenian Organization,France,1
Anti-American Arab Liberation Front,Germany,1
Ansar ul Islam,Burkina Faso,1
Ansar Allah,Argentina,1
Ansar Allah,Lebanon,1
Ansar Allah,Panama,1
Ansar Al Tawhid Wa-Sunna,Iraq,1
Ansar Al Sunnah,Iraq,82
Ansar Al Shariah,Libya,1
Ansar Al Jihad,Iraq,1
Ansar Al Islam,Iraq,7
Ansar Al Furqan,Iran,1
Ansar Al Din,Iraq,1
Animal Liberation Front (ALF),United States,16
Animal Liberation Front (ALF),United Kingdom,3
Angry Brigades,Italy,2
Angry Brigades,Spain,1
Angry Brigades,United Kingdom,1
Andres Castro United Front (FUAC),Nicaragua,1
Anarkhiki Omadha 20 louli,Greece,1
Anarchist Faction,Greece,12
Ananda Marga,Australia,5
Ananda Marga,Denmark,1
Ananda Marga,Nepal,1
Ananda Marga,Norway,1
Ananda Marga,Philippines,1
Ananda Marga,Thailand,1
Amhara militias,Ethiopia,1
Ambazonia Defence Forces,Cameroon,3
Amal,Lebanon,28
Amal,Kuwait,5
Amal,France,3
Amal,Pakistan,3
Amal,Austria,2
Amal,Egypt,2
Amal,Germany,2
Amal,Greece,2
Amal,Iraq,2
Amal,Libya,2
Amal,Turkey,2
Amal,Iran,1
Amal,Nigeria,1
Amal,Spain,1
Amal,Switzerland,1
Amal,United Kingdom,1
Allied Democratic Forces,Congo,1
Allen Moore,United Kingdom,1
All Tripura Tiger Force (ATTF),India,12
Alianca Libertadora Nacional (ALN),Brazil,2
Ali Bin Abu Talib Jihad Organization,Iraq,1
Alexandre Bissonnette,Canada,1
Alex Boncayao Brigade (ABB),Philippines,5
Alejo Calatayu,Bolivia,1
Albanian National Army (ANA),Kosovo,2
Albanian National Army (ANA),Macedonia,2
Al-Shabaab,Somalia,4
Al-Aqsa Martyrs' Brigades,Israel,1
Al Zulfikar,Pakistan,1
Al Thabeton,Egypt,1
Al Takfir wal Hijrah,Sudan,1
Al Ta'ifah Al Mansurah,Iraq,1
Al Shabaab,Somalia,64
Al Shabaab,Kenya,3
Al Sadr Brigades,Lebanon,1
Al Sa'iqa,Egypt,2
Al Sa'iqa,Cyprus,1
Al Sa'iqa,Israel,1
Al Sa'iqa,Lebanon,1
Al Qanoon,Pakistan,1
Al Qaeda,Iraq,148
Al Qaeda,Algeria,28
Al Qaeda,Saudi Arabia,11
Al Qaeda,Yemen,8
Al Qaeda,United States,5
Al Qaeda,Burkina Faso,4
Al Qaeda,United Kingdom,3
Al Qaeda,Afghanistan,2
Al Qaeda,Kenya,2
Al Qaeda,Pakistan,2
Al Qaeda,Turkey,2
Al Qaeda,Bangladesh,1
Al Qaeda,Cote D'Ivoire (Ivory Coast),1
Al Qaeda,Egypt,1
Al Qaeda,Ethiopia,1
Al Qaeda,Gaza,1
Al Qaeda,Indonesia,1
Al Qaeda,Mali,1
Al Qaeda,Syria,1
Al Qaeda,Tanzania,1
Al Qaeda,Tunisia,1
Al Nusra Front,Syria,6
Al Nawaz,Pakistan,2
Al Nasireen,India,5
Al Nasir Salah Al Din Brigades,Israel,1
Al Naqshabandi Method Army,Iraq,2
Al Mourabitoun,Mali,1
Al Mansooran,India,7
Al Mahdi Army,Iraq,42
Al Mahdi Army,India,1
Al Madina,India,3
Al Jihad,Iraq,2
Al Ittihad Al Islamiya,Ethiopia,1
Al Ittihaad Al Islami,Ethiopia,1
Al Ittihaad Al Islami,Somalia,1
Al Islambouli Brigades,Pakistan,1
Al Islah,Somalia,1
Al Intiqami Al Pakistani,Pakistan,1
Al Imam Ali Brigades,Iraq,1
Al Haramayn Brigades,Saudi Arabia,1
Al Hadid,India,3
Al Gama'at Al Islamiyya (IG),Egypt,33
Al Gama'at Al Islamiyya (IG),Croatia,1
Al Gama'at Al Islamiyya (IG),Ethiopia,1
Al Gama'at Al Islamiyya (IG),Pakistan,1
Al Fursan Brigades,Iraq,1
Al Fatah,Israel,95
Al Fatah,Gaza,83
Al Fatah,Lebanon,8
Al Fatah,Poland,4
Al Fatah,Austria,3
Al Fatah,Spain,3
Al Fatah,Cyprus,2
Al Fatah,Libya,2
Al Fatah,Netherlands,2
Al Fatah,Syria,2
Al Fatah,United States,2
Al Fatah,Australia,1
Al Fatah,Belgium,1
Al Fatah,Egypt,1
Al Fatah,France,1
Al Fatah,Germany,1
Al Fatah,Greece,1
Al Fatah,Jordan,1
Al Fatah,Paraguay,1
Al Fatah,Turkey,1
Al Fatah,United Kingdom,1
Al Faruq Brigades,Iraq,1
Al Faran,India,2
Al Dawa,Lebanon,1
Al Borkan Liberation Organization,Italy,2
Al Borkan Liberation Organization,Spain,1
Al Barq,India,1
Al Bara bin Malek Brigades,Iraq,2
Al Badr,India,1
Al Arifeen,India,7
Al Arifeen,Somalia,1
Al Aqsa Martyrs Brigade,Israel,84
Al Aqsa Martyrs Brigade,Gaza,4
Al Ali Bin Falah,Yemen,1
Al Ahwal Brigades,Iraq,1
Akko Youth,Israel,1
Akhil Krantikari,Nepal,1
Akayed Ullah,United States,1
Ahmed Hanachi,France,1
Ahmadiya Muslim Mission,Uganda,1
Ahmad Qassir,Lebanon,1
Ahmad Khan Rahami,United States,1
African National Congress (South Africa),South Africa,11
African National Congress (South Africa),Angola,1
Affische Rouge (Red Bill),France,1
Adivasi Cobra Force (ACF),India,1
Aden Islamic Army,Yemen,2
Action Group Extreme Beate,Denmark,1
Action Front for the Liberation of the Baltic Coun,France,1
Action Directe,France,12
Action Directe,Portugal,1
Action Committee of Winegrowers,France,1
Actiefront Nationistisch Nederland,Netherlands,1
Achik National Volunteer Council (ANVC),India,1
Accolta Nazinuale Corsa,France,1
Abu Sayyaf Group (ASG),Philippines,69
Abu Sayyaf Group (ASG),Malaysia,1
Abu Sayyaf Group (ASG),Philliphines,1
Abu Nidal Organization (ANO),Lebanon,18
Abu Nidal Organization (ANO),Israel,7
Abu Nidal Organization (ANO),Greece,6
Abu Nidal Organization (ANO),Italy,6
Abu Nidal Organization (ANO),Austria,5
Abu Nidal Organization (ANO),France,4
Abu Nidal Organization (ANO),Belgium,3
Abu Nidal Organization (ANO),Cyprus,3
Abu Nidal Organization (ANO),India,3
Abu Nidal Organization (ANO),Jordan,3
Abu Nidal Organization (ANO),Kuwait,2
Abu Nidal Organization (ANO),Pakistan,2
Abu Nidal Organization (ANO),Spain,2
Abu Nidal Organization (ANO),Turkey,2
Abu Nidal Organization (ANO),United Kingdom,2
Abu Nidal Organization (ANO),Bahrain,1
Abu Nidal Organization (ANO),Egypt,1
Abu Nidal Organization (ANO),Germany,1
Abu Nidal Organization (ANO),Libya,1
Abu Nidal Organization (ANO),Malta,1
Abu Nidal Organization (ANO),Netherlands,1
Abu Nidal Organization (ANO),Peru,1
Abu Nidal Organization (ANO),Portugal,1
Abu Nidal Organization (ANO),Sudan,1
Abu Nidal Organization (ANO),Syria,1
Abu Nidal Organization (ANO),Tunisia,1
Abu Nidal Organization (ANO),United Arab Emirates,1
Abu Nayaf Al Afgani,Spain,1
Abu Mus'ab Al Zarqawi Battalion,Syria,1
Abu Hamza Group,Afghanistan,1
Abu Hafs Al Masri Brigade,Spain,1
Abu Hafs Al Masri Brigade,Turkey,1
Abu Bakr Al Siddiq Fundamentalist Brigades,Iraq,2
Abu Al Rish Brigades,Israel,11
Abu Al Abbas,Iraq,1
Abdurajak Janjalani Brigade (AJB),Philippines,1
Abdullatif Muradi,Iran,1
Abdullah Azzam Battalion,Israel,1
Abdullah Al Haj Hasan,Germany,1
Abdul Razak Ali Artan,United States,1
Abdoullakh Anzorov,France,1
Abdallah Ahmed-Osman (Islamist),France,1
2nd of June Movement,Germany,2
28 May Armenian Organization,Turkey,1
28 May Armenian Organization,United States,1
23rd of September Communist League,Mexico,6
23 January Community,Venezuela,1
20 December Movement (M-20),Panama,1
19th of July Christian Resistance Brigade,Nicaragua,1
1920 Revolution Brigades,Iraq,1
17 November (17N),Greece,3
15th of September Legion,Costa Rica,1
15 May Organization,Greece,3
15 May Organization,United States,1
